1,101,WiFi
1,101,AC
1,101,TV
1,102,WiFi
1,102,AC
1,103,WiFi
1,103,AC
1,103,TV
1,104,WiFi
1,104,AC
1,105,WiFi
1,105,AC
1,105,TV
2,201,WiFi
2,201,AC
2,201,TV
2,202,WiFi
2,202,AC
2,203,WiFi
2,203,AC
2,203,TV
2,204,WiFi
2,204,AC
2,205,WiFi
2,205,AC
2,205,TV
3,301,WiFi
3,301,AC
3,301,TV
3,302,WiFi
3,302,AC
3,303,WiFi
3,303,AC
3,303,TV
3,304,WiFi
3,304,AC
3,305,WiFi
3,305,AC
3,305,TV
4,401,WiFi
4,401,AC
4,401,TV
4,402,WiFi
4,402,AC
4,403,WiFi
4,403,AC
4,403,TV
4,404,WiFi
4,404,AC
4,405,WiFi
4,405,AC
4,405,TV
5,501,WiFi
5,501,AC
5,501,TV
5,502,WiFi
5,502,AC
5,503,WiFi
5,503,AC
5,503,TV
5,504,WiFi
5,504,AC
5,505,WiFi
5,505,AC
5,505,TV
6,601,WiFi
6,601,AC
6,601,TV
6,602,WiFi
6,602,AC
6,603,WiFi
6,603,AC
6,603,TV
6,604,WiFi
6,604,AC
6,605,WiFi
6,605,AC
6,605,TV
7,701,WiFi
7,701,AC
7,701,TV
7,702,WiFi
7,702,AC
7,703,WiFi
7,703,AC
7,703,TV
7,704,WiFi
7,704,AC
7,705,WiFi
7,705,AC
7,705,TV
8,801,WiFi
8,801,AC
8,801,TV
8,802,WiFi
8,802,AC
8,803,WiFi
8,803,AC
8,803,TV
8,804,WiFi
8,804,AC